{
  "phase": 2,
  "phase_name": "baseline_models",
  "naive": {
    "classification": {
      "accuracy": 0.5546558704453441,
      "macro_f1": 0.3567708333333333
    },
    "regression": {
      "mae": 0.012338309745225562,
      "rmse": 0.01751439743597395
    }
  },
  "logistic_regression": {
    "test": {
      "accuracy": 0.5048582995951417,
      "precision": 0.5686274509803921,
      "recall": 0.44452554744525546,
      "macro_f1": 0.5047900356373602
    },
    "cv": {
      "accuracy_mean": 0.5007290400972053,
      "accuracy_std": 0.008360154270604903,
      "macro_f1_mean": 0.4986748498837888,
      "macro_f1_std": 0.006644049012765081,
      "n_folds": 5
    }
  },
  "linear_regression": {
    "test": {
      "mae": 0.012318106747478401,
      "rmse": 0.01749505529742032,
      "r2": -0.0069900960603004325
    },
    "cv": {
      "mae_mean": 0.014739442621148468,
      "mae_std": 0.002552630970340692,
      "rmse_mean": 0.021341608352672632,
      "rmse_std": 0.003503568017693625,
      "r2_mean": -0.006509525078949263,
      "r2_std": 0.006424609252119743,
      "n_folds": 5
    }
  }
}